file,best_result,seed,alpha
taillard_benchmark/tai20_5_0.fsp,-16601.0,200,0.6
taillard_benchmark/tai20_5_0.fsp,-16671.0,201,0.6
taillard_benchmark/tai20_5_0.fsp,-16660.0,202,0.6
taillard_benchmark/tai20_5_0.fsp,-16323.0,203,0.6
taillard_benchmark/tai20_5_0.fsp,-15824.0,204,0.6
taillard_benchmark/tai20_5_1.fsp,-17207.0,205,0.6
taillard_benchmark/tai20_5_1.fsp,-17468.0,206,0.6
taillard_benchmark/tai20_5_1.fsp,-17148.0,207,0.6
taillard_benchmark/tai20_5_1.fsp,-17261.0,208,0.6
taillard_benchmark/tai20_5_1.fsp,-17181.0,209,0.6
taillard_benchmark/tai20_5_2.fsp,-16024.0,210,0.6
taillard_benchmark/tai20_5_2.fsp,-15280.0,211,0.6
taillard_benchmark/tai20_5_2.fsp,-15600.0,212,0.6
taillard_benchmark/tai20_5_2.fsp,-15422.0,213,0.6
taillard_benchmark/tai20_5_2.fsp,-15698.0,214,0.6
taillard_benchmark/tai20_5_3.fsp,-17247.0,215,0.6
taillard_benchmark/tai20_5_3.fsp,-18049.0,216,0.6
taillard_benchmark/tai20_5_3.fsp,-18292.0,217,0.6
taillard_benchmark/tai20_5_3.fsp,-17609.0,218,0.6
taillard_benchmark/tai20_5_3.fsp,-18236.0,219,0.6
taillard_benchmark/tai20_5_4.fsp,-16240.0,220,0.6
taillard_benchmark/tai20_5_4.fsp,-16695.0,221,0.6
taillard_benchmark/tai20_5_4.fsp,-16674.0,222,0.6
taillard_benchmark/tai20_5_4.fsp,-16038.0,223,0.6
taillard_benchmark/tai20_5_4.fsp,-15551.0,224,0.6
taillard_benchmark/tai20_5_5.fsp,-16731.0,225,0.6
taillard_benchmark/tai20_5_5.fsp,-16820.0,226,0.6
taillard_benchmark/tai20_5_5.fsp,-16418.0,227,0.6
taillard_benchmark/tai20_5_5.fsp,-16230.0,228,0.6
taillard_benchmark/tai20_5_5.fsp,-16075.0,229,0.6
taillard_benchmark/tai20_10_0.fsp,-24722.0,230,0.6
taillard_benchmark/tai20_10_0.fsp,-24856.0,231,0.6
taillard_benchmark/tai20_10_0.fsp,-24257.0,232,0.6
taillard_benchmark/tai20_10_0.fsp,-24153.0,233,0.6
taillard_benchmark/tai20_10_0.fsp,-23186.0,234,0.6
taillard_benchmark/tai20_10_1.fsp,-25836.0,235,0.6
taillard_benchmark/tai20_10_1.fsp,-25971.0,236,0.6
taillard_benchmark/tai20_10_1.fsp,-24677.0,237,0.6
taillard_benchmark/tai20_10_1.fsp,-25638.0,238,0.6
taillard_benchmark/tai20_10_1.fsp,-25583.0,239,0.6
taillard_benchmark/tai20_10_2.fsp,-23524.0,240,0.6
taillard_benchmark/tai20_10_2.fsp,-22683.0,241,0.6
taillard_benchmark/tai20_10_2.fsp,-23220.0,242,0.6
taillard_benchmark/tai20_10_2.fsp,-23314.0,243,0.6
taillard_benchmark/tai20_10_2.fsp,-22657.0,244,0.6
taillard_benchmark/tai20_10_3.fsp,-21207.0,245,0.6
taillard_benchmark/tai20_10_3.fsp,-22029.0,246,0.6
taillard_benchmark/tai20_10_3.fsp,-21887.0,247,0.6
taillard_benchmark/tai20_10_3.fsp,-21728.0,248,0.6
taillard_benchmark/tai20_10_3.fsp,-21918.0,249,0.6
taillard_benchmark/tai20_10_4.fsp,-21417.0,250,0.6
taillard_benchmark/tai20_10_4.fsp,-22426.0,251,0.6
taillard_benchmark/tai20_10_4.fsp,-22446.0,252,0.6
taillard_benchmark/tai20_10_4.fsp,-22186.0,253,0.6
taillard_benchmark/tai20_10_4.fsp,-23424.0,254,0.6
taillard_benchmark/tai20_10_5.fsp,-21897.0,255,0.6
taillard_benchmark/tai20_10_5.fsp,-21736.0,256,0.6
taillard_benchmark/tai20_10_5.fsp,-22106.0,257,0.6
taillard_benchmark/tai20_10_5.fsp,-22191.0,258,0.6
taillard_benchmark/tai20_10_5.fsp,-22228.0,259,0.6
taillard_benchmark/tai20_20_0.fsp,-37696.0,260,0.6
taillard_benchmark/tai20_20_0.fsp,-37080.0,261,0.6
taillard_benchmark/tai20_20_0.fsp,-37523.0,262,0.6
taillard_benchmark/tai20_20_0.fsp,-37056.0,263,0.6
taillard_benchmark/tai20_20_0.fsp,-37389.0,264,0.6
taillard_benchmark/tai20_20_1.fsp,-35784.0,265,0.6
taillard_benchmark/tai20_20_1.fsp,-35855.0,266,0.6
taillard_benchmark/tai20_20_1.fsp,-34974.0,267,0.6
taillard_benchmark/tai20_20_1.fsp,-35096.0,268,0.6
taillard_benchmark/tai20_20_1.fsp,-35418.0,269,0.6
taillard_benchmark/tai20_20_2.fsp,-37875.0,270,0.6
taillard_benchmark/tai20_20_2.fsp,-38039.0,271,0.6
taillard_benchmark/tai20_20_2.fsp,-37570.0,272,0.6
taillard_benchmark/tai20_20_2.fsp,-37278.0,273,0.6
taillard_benchmark/tai20_20_2.fsp,-36870.0,274,0.6
taillard_benchmark/tai20_20_3.fsp,-35633.0,275,0.6
taillard_benchmark/tai20_20_3.fsp,-36828.0,276,0.6
taillard_benchmark/tai20_20_3.fsp,-36126.0,277,0.6
taillard_benchmark/tai20_20_3.fsp,-35944.0,278,0.6
taillard_benchmark/tai20_20_3.fsp,-36497.0,279,0.6
taillard_benchmark/tai20_20_4.fsp,-37868.0,280,0.6
taillard_benchmark/tai20_20_4.fsp,-38311.0,281,0.6
taillard_benchmark/tai20_20_4.fsp,-37484.0,282,0.6
taillard_benchmark/tai20_20_4.fsp,-37979.0,283,0.6
taillard_benchmark/tai20_20_4.fsp,-37885.0,284,0.6
taillard_benchmark/tai20_20_5.fsp,-36225.0,285,0.6
taillard_benchmark/tai20_20_5.fsp,-35977.0,286,0.6
taillard_benchmark/tai20_20_5.fsp,-35596.0,287,0.6
taillard_benchmark/tai20_20_5.fsp,-36320.0,288,0.6
taillard_benchmark/tai20_20_5.fsp,-35977.0,289,0.6
