file,best_result,seed,alpha
taillard_benchmark/tai20_5_0.fsp,-16151.0,200,0.6
taillard_benchmark/tai20_5_0.fsp,-16289.0,201,0.6
taillard_benchmark/tai20_5_0.fsp,-15870.0,202,0.6
taillard_benchmark/tai20_5_0.fsp,-16747.0,203,0.6
taillard_benchmark/tai20_5_0.fsp,-16991.0,204,0.6
taillard_benchmark/tai20_5_1.fsp,-17159.0,205,0.6
taillard_benchmark/tai20_5_1.fsp,-16884.0,206,0.6
taillard_benchmark/tai20_5_1.fsp,-17408.0,207,0.6
taillard_benchmark/tai20_5_1.fsp,-17158.0,208,0.6
taillard_benchmark/tai20_5_1.fsp,-16651.0,209,0.6
taillard_benchmark/tai20_5_2.fsp,-15664.0,210,0.6
taillard_benchmark/tai20_5_2.fsp,-15056.0,211,0.6
taillard_benchmark/tai20_5_2.fsp,-15698.0,212,0.6
taillard_benchmark/tai20_5_2.fsp,-15736.0,213,0.6
taillard_benchmark/tai20_5_2.fsp,-15322.0,214,0.6
taillard_benchmark/tai20_5_3.fsp,-17222.0,215,0.6
taillard_benchmark/tai20_5_3.fsp,-18244.0,216,0.6
taillard_benchmark/tai20_5_3.fsp,-17244.0,217,0.6
taillard_benchmark/tai20_5_3.fsp,-17665.0,218,0.6
taillard_benchmark/tai20_5_3.fsp,-17388.0,219,0.6
taillard_benchmark/tai20_5_4.fsp,-16112.0,220,0.6
taillard_benchmark/tai20_5_4.fsp,-16215.0,221,0.6
taillard_benchmark/tai20_5_4.fsp,-16279.0,222,0.6
taillard_benchmark/tai20_5_4.fsp,-15678.0,223,0.6
taillard_benchmark/tai20_5_4.fsp,-15351.0,224,0.6
taillard_benchmark/tai20_5_5.fsp,-15562.0,225,0.6
taillard_benchmark/tai20_5_5.fsp,-16645.0,226,0.6
taillard_benchmark/tai20_5_5.fsp,-15688.0,227,0.6
taillard_benchmark/tai20_5_5.fsp,-16062.0,228,0.6
taillard_benchmark/tai20_5_5.fsp,-15759.0,229,0.6
taillard_benchmark/tai20_10_0.fsp,-23226.0,230,0.6
taillard_benchmark/tai20_10_0.fsp,-24819.0,231,0.6
taillard_benchmark/tai20_10_0.fsp,-22971.0,232,0.6
taillard_benchmark/tai20_10_0.fsp,-23515.0,233,0.6
taillard_benchmark/tai20_10_0.fsp,-24530.0,234,0.6
taillard_benchmark/tai20_10_1.fsp,-25326.0,235,0.6
taillard_benchmark/tai20_10_1.fsp,-26010.0,236,0.6
taillard_benchmark/tai20_10_1.fsp,-25140.0,237,0.6
taillard_benchmark/tai20_10_1.fsp,-24959.0,238,0.6
taillard_benchmark/tai20_10_1.fsp,-25418.0,239,0.6
taillard_benchmark/tai20_10_2.fsp,-21815.0,240,0.6
taillard_benchmark/tai20_10_2.fsp,-21912.0,241,0.6
taillard_benchmark/tai20_10_2.fsp,-22826.0,242,0.6
taillard_benchmark/tai20_10_2.fsp,-21999.0,243,0.6
taillard_benchmark/tai20_10_2.fsp,-22886.0,244,0.6
taillard_benchmark/tai20_10_3.fsp,-21574.0,245,0.6
taillard_benchmark/tai20_10_3.fsp,-20947.0,246,0.6
taillard_benchmark/tai20_10_3.fsp,-21582.0,247,0.6
taillard_benchmark/tai20_10_3.fsp,-21776.0,248,0.6
taillard_benchmark/tai20_10_3.fsp,-21299.0,249,0.6
taillard_benchmark/tai20_10_4.fsp,-22000.0,250,0.6
taillard_benchmark/tai20_10_4.fsp,-21185.0,251,0.6
taillard_benchmark/tai20_10_4.fsp,-21188.0,252,0.6
taillard_benchmark/tai20_10_4.fsp,-21834.0,253,0.6
taillard_benchmark/tai20_10_4.fsp,-21427.0,254,0.6
taillard_benchmark/tai20_10_5.fsp,-21983.0,255,0.6
taillard_benchmark/tai20_10_5.fsp,-21171.0,256,0.6
taillard_benchmark/tai20_10_5.fsp,-21055.0,257,0.6
taillard_benchmark/tai20_10_5.fsp,-21131.0,258,0.6
taillard_benchmark/tai20_10_5.fsp,-21410.0,259,0.6
taillard_benchmark/tai20_20_0.fsp,-36658.0,260,0.6
taillard_benchmark/tai20_20_0.fsp,-37676.0,261,0.6
taillard_benchmark/tai20_20_0.fsp,-36563.0,262,0.6
taillard_benchmark/tai20_20_0.fsp,-36309.0,263,0.6
taillard_benchmark/tai20_20_0.fsp,-36976.0,264,0.6
taillard_benchmark/tai20_20_1.fsp,-34683.0,265,0.6
taillard_benchmark/tai20_20_1.fsp,-35558.0,266,0.6
taillard_benchmark/tai20_20_1.fsp,-33981.0,267,0.6
taillard_benchmark/tai20_20_1.fsp,-34501.0,268,0.6
taillard_benchmark/tai20_20_1.fsp,-34552.0,269,0.6
taillard_benchmark/tai20_20_2.fsp,-37422.0,270,0.6
taillard_benchmark/tai20_20_2.fsp,-36835.0,271,0.6
taillard_benchmark/tai20_20_2.fsp,-37192.0,272,0.6
taillard_benchmark/tai20_20_2.fsp,-36641.0,273,0.6
taillard_benchmark/tai20_20_2.fsp,-36976.0,274,0.6
taillard_benchmark/tai20_20_3.fsp,-36271.0,275,0.6
taillard_benchmark/tai20_20_3.fsp,-35884.0,276,0.6
taillard_benchmark/tai20_20_3.fsp,-34985.0,277,0.6
taillard_benchmark/tai20_20_3.fsp,-35464.0,278,0.6
taillard_benchmark/tai20_20_3.fsp,-34614.0,279,0.6
taillard_benchmark/tai20_20_4.fsp,-37553.0,280,0.6
taillard_benchmark/tai20_20_4.fsp,-37406.0,281,0.6
taillard_benchmark/tai20_20_4.fsp,-37300.0,282,0.6
taillard_benchmark/tai20_20_4.fsp,-37757.0,283,0.6
taillard_benchmark/tai20_20_4.fsp,-37518.0,284,0.6
taillard_benchmark/tai20_20_5.fsp,-36412.0,285,0.6
taillard_benchmark/tai20_20_5.fsp,-36222.0,286,0.6
taillard_benchmark/tai20_20_5.fsp,-35560.0,287,0.6
taillard_benchmark/tai20_20_5.fsp,-35718.0,288,0.6
taillard_benchmark/tai20_20_5.fsp,-34760.0,289,0.6
taillard_benchmark/tai20_5_0.fsp,-15644.0,0,0.6
taillard_benchmark/tai20_5_0.fsp,-15544.0,1,0.6
taillard_benchmark/tai20_5_0.fsp,-15606.0,2,0.6
taillard_benchmark/tai20_5_0.fsp,-15736.0,3,0.6
taillard_benchmark/tai20_5_0.fsp,-15752.0,4,0.6
taillard_benchmark/tai20_5_1.fsp,-16764.0,5,0.6
taillard_benchmark/tai20_5_1.fsp,-16831.0,6,0.6
taillard_benchmark/tai20_5_1.fsp,-17392.0,7,0.6
taillard_benchmark/tai20_5_1.fsp,-16879.0,8,0.6
taillard_benchmark/tai20_5_1.fsp,-16932.0,9,0.6
taillard_benchmark/tai20_5_2.fsp,-15494.0,10,0.6
taillard_benchmark/tai20_5_2.fsp,-15189.0,11,0.6
taillard_benchmark/tai20_5_2.fsp,-14711.0,12,0.6
taillard_benchmark/tai20_5_2.fsp,-15403.0,13,0.6
taillard_benchmark/tai20_5_2.fsp,-15451.0,14,0.6
taillard_benchmark/tai20_5_3.fsp,-16945.0,15,0.6
taillard_benchmark/tai20_5_3.fsp,-18083.0,16,0.6
taillard_benchmark/tai20_5_3.fsp,-18106.0,17,0.6
taillard_benchmark/tai20_5_3.fsp,-18070.0,18,0.6
taillard_benchmark/tai20_5_3.fsp,-18287.0,19,0.6
taillard_benchmark/tai20_5_4.fsp,-16265.0,20,0.6
taillard_benchmark/tai20_5_4.fsp,-16358.0,21,0.6
taillard_benchmark/tai20_5_4.fsp,-16749.0,22,0.6
taillard_benchmark/tai20_5_4.fsp,-15765.0,23,0.6
taillard_benchmark/tai20_5_4.fsp,-16463.0,24,0.6
taillard_benchmark/tai20_5_5.fsp,-16296.0,25,0.6
taillard_benchmark/tai20_5_5.fsp,-15588.0,26,0.6
taillard_benchmark/tai20_5_5.fsp,-16894.0,27,0.6
taillard_benchmark/tai20_5_5.fsp,-16124.0,28,0.6
taillard_benchmark/tai20_5_5.fsp,-15226.0,29,0.6
taillard_benchmark/tai20_10_0.fsp,-23695.0,30,0.6
taillard_benchmark/tai20_10_0.fsp,-23594.0,31,0.6
taillard_benchmark/tai20_10_0.fsp,-23619.0,32,0.6
taillard_benchmark/tai20_10_0.fsp,-23414.0,33,0.6
taillard_benchmark/tai20_10_0.fsp,-23677.0,34,0.6
taillard_benchmark/tai20_10_1.fsp,-24905.0,35,0.6
taillard_benchmark/tai20_10_1.fsp,-26211.0,36,0.6
taillard_benchmark/tai20_10_1.fsp,-25024.0,37,0.6
taillard_benchmark/tai20_10_1.fsp,-25696.0,38,0.6
taillard_benchmark/tai20_10_1.fsp,-25076.0,39,0.6
taillard_benchmark/tai20_10_2.fsp,-22826.0,40,0.6
taillard_benchmark/tai20_10_2.fsp,-21842.0,41,0.6
taillard_benchmark/tai20_10_2.fsp,-21826.0,42,0.6
taillard_benchmark/tai20_10_2.fsp,-21954.0,43,0.6
taillard_benchmark/tai20_10_2.fsp,-22846.0,44,0.6
taillard_benchmark/tai20_10_3.fsp,-21170.0,45,0.6
taillard_benchmark/tai20_10_3.fsp,-21393.0,46,0.6
taillard_benchmark/tai20_10_3.fsp,-21369.0,47,0.6
taillard_benchmark/tai20_10_3.fsp,-20943.0,48,0.6
taillard_benchmark/tai20_10_3.fsp,-21211.0,49,0.6
taillard_benchmark/tai20_10_4.fsp,-22543.0,50,0.6
taillard_benchmark/tai20_10_4.fsp,-22515.0,51,0.6
taillard_benchmark/tai20_10_4.fsp,-22960.0,52,0.6
taillard_benchmark/tai20_10_4.fsp,-22122.0,53,0.6
taillard_benchmark/tai20_10_4.fsp,-22527.0,54,0.6
taillard_benchmark/tai20_10_5.fsp,-21403.0,55,0.6
taillard_benchmark/tai20_10_5.fsp,-21692.0,56,0.6
taillard_benchmark/tai20_10_5.fsp,-21146.0,57,0.6
taillard_benchmark/tai20_10_5.fsp,-21536.0,58,0.6
taillard_benchmark/tai20_10_5.fsp,-21829.0,59,0.6
taillard_benchmark/tai20_20_0.fsp,-36090.0,60,0.6
taillard_benchmark/tai20_20_0.fsp,-36377.0,61,0.6
taillard_benchmark/tai20_20_0.fsp,-36623.0,62,0.6
taillard_benchmark/tai20_20_0.fsp,-37503.0,63,0.6
taillard_benchmark/tai20_20_0.fsp,-36084.0,64,0.6
taillard_benchmark/tai20_20_1.fsp,-34540.0,65,0.6
taillard_benchmark/tai20_20_1.fsp,-34959.0,66,0.6
taillard_benchmark/tai20_20_1.fsp,-34859.0,67,0.6
taillard_benchmark/tai20_20_1.fsp,-34485.0,68,0.6
taillard_benchmark/tai20_20_1.fsp,-33994.0,69,0.6
taillard_benchmark/tai20_20_2.fsp,-37100.0,70,0.6
taillard_benchmark/tai20_20_2.fsp,-37179.0,71,0.6
taillard_benchmark/tai20_20_2.fsp,-36777.0,72,0.6
taillard_benchmark/tai20_20_2.fsp,-37263.0,73,0.6
taillard_benchmark/tai20_20_2.fsp,-36566.0,74,0.6
taillard_benchmark/tai20_20_3.fsp,-35424.0,75,0.6
taillard_benchmark/tai20_20_3.fsp,-36627.0,76,0.6
taillard_benchmark/tai20_20_3.fsp,-36590.0,77,0.6
taillard_benchmark/tai20_20_3.fsp,-35459.0,78,0.6
taillard_benchmark/tai20_20_3.fsp,-35241.0,79,0.6
taillard_benchmark/tai20_20_4.fsp,-37213.0,80,0.6
taillard_benchmark/tai20_20_4.fsp,-37627.0,81,0.6
taillard_benchmark/tai20_20_4.fsp,-37736.0,82,0.6
taillard_benchmark/tai20_20_4.fsp,-37152.0,83,0.6
taillard_benchmark/tai20_20_4.fsp,-37517.0,84,0.6
taillard_benchmark/tai20_20_5.fsp,-35222.0,85,0.6
taillard_benchmark/tai20_20_5.fsp,-35704.0,86,0.6
taillard_benchmark/tai20_20_5.fsp,-35188.0,87,0.6
taillard_benchmark/tai20_20_5.fsp,-35919.0,88,0.6
taillard_benchmark/tai20_20_5.fsp,-35253.0,89,0.6