file,best_result,rep,seed
taillard_benchmark/tai20_10_0.fsp,-23218.0,0,0
taillard_benchmark/tai20_10_0.fsp,-23040.0,1,1
taillard_benchmark/tai20_10_0.fsp,-22913.0,2,2
taillard_benchmark/tai20_10_0.fsp,-23040.0,3,3
taillard_benchmark/tai20_10_0.fsp,-23234.0,4,4
taillard_benchmark/tai20_10_0.fsp,-22939.0,5,5
taillard_benchmark/tai20_10_0.fsp,-23072.0,6,6
taillard_benchmark/tai20_10_0.fsp,-22909.0,7,7
taillard_benchmark/tai20_10_0.fsp,-23257.0,8,8
taillard_benchmark/tai20_10_0.fsp,-23275.0,9,9
taillard_benchmark/tai20_10_1.fsp,-24659.0,0,10
taillard_benchmark/tai20_10_1.fsp,-25258.0,1,11
taillard_benchmark/tai20_10_1.fsp,-24786.0,2,12
taillard_benchmark/tai20_10_1.fsp,-24739.0,3,13
taillard_benchmark/tai20_10_1.fsp,-24803.0,4,14
taillard_benchmark/tai20_10_1.fsp,-24845.0,5,15
taillard_benchmark/tai20_10_1.fsp,-24414.0,6,16
taillard_benchmark/tai20_10_1.fsp,-24981.0,7,17
taillard_benchmark/tai20_10_1.fsp,-24815.0,8,18
taillard_benchmark/tai20_10_1.fsp,-24800.0,9,19
taillard_benchmark/tai20_10_2.fsp,-21828.0,0,20
taillard_benchmark/tai20_10_2.fsp,-21981.0,1,21
taillard_benchmark/tai20_10_2.fsp,-21807.0,2,22
taillard_benchmark/tai20_10_2.fsp,-21855.0,3,23
taillard_benchmark/tai20_10_2.fsp,-21805.0,4,24
taillard_benchmark/tai20_10_2.fsp,-21917.0,5,25
taillard_benchmark/tai20_10_2.fsp,-21809.0,6,26
taillard_benchmark/tai20_10_2.fsp,-21495.0,7,27
taillard_benchmark/tai20_10_2.fsp,-21617.0,8,28
taillard_benchmark/tai20_10_2.fsp,-21743.0,9,29
taillard_benchmark/tai20_10_3.fsp,-20219.0,0,30
taillard_benchmark/tai20_10_3.fsp,-20774.0,1,31
taillard_benchmark/tai20_10_3.fsp,-20590.0,2,32
taillard_benchmark/tai20_10_3.fsp,-20634.0,3,33
taillard_benchmark/tai20_10_3.fsp,-20501.0,4,34
taillard_benchmark/tai20_10_3.fsp,-20901.0,5,35
taillard_benchmark/tai20_10_3.fsp,-20587.0,6,36
taillard_benchmark/tai20_10_3.fsp,-20792.0,7,37
taillard_benchmark/tai20_10_3.fsp,-20881.0,8,38
taillard_benchmark/tai20_10_3.fsp,-20836.0,9,39
taillard_benchmark/tai20_10_4.fsp,-21873.0,0,40
taillard_benchmark/tai20_10_4.fsp,-22083.0,1,41
taillard_benchmark/tai20_10_4.fsp,-21651.0,2,42
taillard_benchmark/tai20_10_4.fsp,-21206.0,3,43
taillard_benchmark/tai20_10_4.fsp,-21315.0,4,44
taillard_benchmark/tai20_10_4.fsp,-21823.0,5,45
taillard_benchmark/tai20_10_4.fsp,-21813.0,6,46
taillard_benchmark/tai20_10_4.fsp,-21894.0,7,47
taillard_benchmark/tai20_10_4.fsp,-21843.0,8,48
taillard_benchmark/tai20_10_4.fsp,-21698.0,9,49
taillard_benchmark/tai20_10_5.fsp,-20755.0,0,50
taillard_benchmark/tai20_10_5.fsp,-20961.0,1,51
taillard_benchmark/tai20_10_5.fsp,-20941.0,2,52
taillard_benchmark/tai20_10_5.fsp,-21143.0,3,53
taillard_benchmark/tai20_10_5.fsp,-21033.0,4,54
taillard_benchmark/tai20_10_5.fsp,-20957.0,5,55
taillard_benchmark/tai20_10_5.fsp,-20961.0,6,56
taillard_benchmark/tai20_10_5.fsp,-20996.0,7,57
taillard_benchmark/tai20_10_5.fsp,-21274.0,8,58
taillard_benchmark/tai20_10_5.fsp,-21127.0,9,59
taillard_benchmark/tai20_10_6.fsp,-22185.0,0,60
taillard_benchmark/tai20_10_6.fsp,-21534.0,1,61
taillard_benchmark/tai20_10_6.fsp,-20554.0,2,62
taillard_benchmark/tai20_10_6.fsp,-21812.0,3,63
taillard_benchmark/tai20_10_6.fsp,-22345.0,4,64
taillard_benchmark/tai20_10_6.fsp,-21936.0,5,65
taillard_benchmark/tai20_10_6.fsp,-22043.0,6,66
taillard_benchmark/tai20_10_6.fsp,-21976.0,7,67
taillard_benchmark/tai20_10_6.fsp,-20334.0,8,68
taillard_benchmark/tai20_10_6.fsp,-21963.0,9,69
taillard_benchmark/tai20_10_7.fsp,-23067.0,0,70
taillard_benchmark/tai20_10_7.fsp,-22865.0,1,71
taillard_benchmark/tai20_10_7.fsp,-22715.0,2,72
taillard_benchmark/tai20_10_7.fsp,-22781.0,3,73
taillard_benchmark/tai20_10_7.fsp,-22780.0,4,74
taillard_benchmark/tai20_10_7.fsp,-22415.0,5,75
taillard_benchmark/tai20_10_7.fsp,-22931.0,6,76
taillard_benchmark/tai20_10_7.fsp,-22784.0,7,77
taillard_benchmark/tai20_10_7.fsp,-23248.0,8,78
taillard_benchmark/tai20_10_7.fsp,-22444.0,9,79
taillard_benchmark/tai20_10_8.fsp,-22951.0,0,80
taillard_benchmark/tai20_10_8.fsp,-22695.0,1,81
taillard_benchmark/tai20_10_8.fsp,-23383.0,2,82
taillard_benchmark/tai20_10_8.fsp,-22573.0,3,83
taillard_benchmark/tai20_10_8.fsp,-22371.0,4,84
taillard_benchmark/tai20_10_8.fsp,-23028.0,5,85
taillard_benchmark/tai20_10_8.fsp,-23328.0,6,86
taillard_benchmark/tai20_10_8.fsp,-22566.0,7,87
taillard_benchmark/tai20_10_8.fsp,-23117.0,8,88
taillard_benchmark/tai20_10_8.fsp,-22619.0,9,89
taillard_benchmark/tai20_10_9.fsp,-23248.0,0,90
taillard_benchmark/tai20_10_9.fsp,-24256.0,1,91
taillard_benchmark/tai20_10_9.fsp,-23090.0,2,92
taillard_benchmark/tai20_10_9.fsp,-24290.0,3,93
taillard_benchmark/tai20_10_9.fsp,-24167.0,4,94
taillard_benchmark/tai20_10_9.fsp,-22966.0,5,95
taillard_benchmark/tai20_10_9.fsp,-23451.0,6,96
taillard_benchmark/tai20_10_9.fsp,-24157.0,7,97
taillard_benchmark/tai20_10_9.fsp,-24163.0,8,98
taillard_benchmark/tai20_10_9.fsp,-23263.0,9,99
