file,best_result,seed,alpha
taillard_benchmark/tai20_5_0.fsp,-15644.0,0,0.6
taillard_benchmark/tai20_5_0.fsp,-15544.0,1,0.6
taillard_benchmark/tai20_5_0.fsp,-15606.0,2,0.6
taillard_benchmark/tai20_5_0.fsp,-15736.0,3,0.6
taillard_benchmark/tai20_5_0.fsp,-15752.0,4,0.6
taillard_benchmark/tai20_5_1.fsp,-16764.0,5,0.6
taillard_benchmark/tai20_5_1.fsp,-16831.0,6,0.6
taillard_benchmark/tai20_5_1.fsp,-17392.0,7,0.6
taillard_benchmark/tai20_5_1.fsp,-16879.0,8,0.6
taillard_benchmark/tai20_5_1.fsp,-16932.0,9,0.6
taillard_benchmark/tai20_5_2.fsp,-15494.0,10,0.6
taillard_benchmark/tai20_5_2.fsp,-15189.0,11,0.6
taillard_benchmark/tai20_5_2.fsp,-14711.0,12,0.6
taillard_benchmark/tai20_5_2.fsp,-15403.0,13,0.6
taillard_benchmark/tai20_5_2.fsp,-15451.0,14,0.6
taillard_benchmark/tai20_5_3.fsp,-16945.0,15,0.6
taillard_benchmark/tai20_5_3.fsp,-18083.0,16,0.6
taillard_benchmark/tai20_5_3.fsp,-18106.0,17,0.6
taillard_benchmark/tai20_5_3.fsp,-18070.0,18,0.6
taillard_benchmark/tai20_5_3.fsp,-18287.0,19,0.6
taillard_benchmark/tai20_5_4.fsp,-16265.0,20,0.6
taillard_benchmark/tai20_5_4.fsp,-16358.0,21,0.6
taillard_benchmark/tai20_5_4.fsp,-16749.0,22,0.6
taillard_benchmark/tai20_5_4.fsp,-15765.0,23,0.6
taillard_benchmark/tai20_5_4.fsp,-16463.0,24,0.6
taillard_benchmark/tai20_5_5.fsp,-16296.0,25,0.6
taillard_benchmark/tai20_5_5.fsp,-15588.0,26,0.6
taillard_benchmark/tai20_5_5.fsp,-16894.0,27,0.6
taillard_benchmark/tai20_5_5.fsp,-16124.0,28,0.6
taillard_benchmark/tai20_5_5.fsp,-15226.0,29,0.6
taillard_benchmark/tai20_10_0.fsp,-23695.0,30,0.6
taillard_benchmark/tai20_10_0.fsp,-23594.0,31,0.6
taillard_benchmark/tai20_10_0.fsp,-23619.0,32,0.6
taillard_benchmark/tai20_10_0.fsp,-23414.0,33,0.6
taillard_benchmark/tai20_10_0.fsp,-23677.0,34,0.6
taillard_benchmark/tai20_10_1.fsp,-24905.0,35,0.6
taillard_benchmark/tai20_10_1.fsp,-26211.0,36,0.6
taillard_benchmark/tai20_10_1.fsp,-25024.0,37,0.6
taillard_benchmark/tai20_10_1.fsp,-25696.0,38,0.6
taillard_benchmark/tai20_10_1.fsp,-25076.0,39,0.6
taillard_benchmark/tai20_10_2.fsp,-22826.0,40,0.6
taillard_benchmark/tai20_10_2.fsp,-21842.0,41,0.6
taillard_benchmark/tai20_10_2.fsp,-21826.0,42,0.6
taillard_benchmark/tai20_10_2.fsp,-21954.0,43,0.6
taillard_benchmark/tai20_10_2.fsp,-22846.0,44,0.6
taillard_benchmark/tai20_10_3.fsp,-21170.0,45,0.6
taillard_benchmark/tai20_10_3.fsp,-21393.0,46,0.6
taillard_benchmark/tai20_10_3.fsp,-21369.0,47,0.6
taillard_benchmark/tai20_10_3.fsp,-20943.0,48,0.6
taillard_benchmark/tai20_10_3.fsp,-21211.0,49,0.6
taillard_benchmark/tai20_10_4.fsp,-22543.0,50,0.6
taillard_benchmark/tai20_10_4.fsp,-22515.0,51,0.6
taillard_benchmark/tai20_10_4.fsp,-22960.0,52,0.6
taillard_benchmark/tai20_10_4.fsp,-22122.0,53,0.6
taillard_benchmark/tai20_10_4.fsp,-22527.0,54,0.6
taillard_benchmark/tai20_10_5.fsp,-21403.0,55,0.6
taillard_benchmark/tai20_10_5.fsp,-21692.0,56,0.6
taillard_benchmark/tai20_10_5.fsp,-21146.0,57,0.6
taillard_benchmark/tai20_10_5.fsp,-21536.0,58,0.6
taillard_benchmark/tai20_10_5.fsp,-21829.0,59,0.6
taillard_benchmark/tai20_20_0.fsp,-36090.0,60,0.6
taillard_benchmark/tai20_20_0.fsp,-36377.0,61,0.6
taillard_benchmark/tai20_20_0.fsp,-36623.0,62,0.6
taillard_benchmark/tai20_20_0.fsp,-37503.0,63,0.6
taillard_benchmark/tai20_20_0.fsp,-36084.0,64,0.6
taillard_benchmark/tai20_20_1.fsp,-34540.0,65,0.6
taillard_benchmark/tai20_20_1.fsp,-34959.0,66,0.6
taillard_benchmark/tai20_20_1.fsp,-34859.0,67,0.6
taillard_benchmark/tai20_20_1.fsp,-34485.0,68,0.6
taillard_benchmark/tai20_20_1.fsp,-33994.0,69,0.6
taillard_benchmark/tai20_20_2.fsp,-37100.0,70,0.6
taillard_benchmark/tai20_20_2.fsp,-37179.0,71,0.6
taillard_benchmark/tai20_20_2.fsp,-36777.0,72,0.6
taillard_benchmark/tai20_20_2.fsp,-37263.0,73,0.6
taillard_benchmark/tai20_20_2.fsp,-36566.0,74,0.6
taillard_benchmark/tai20_20_3.fsp,-35424.0,75,0.6
taillard_benchmark/tai20_20_3.fsp,-36627.0,76,0.6
taillard_benchmark/tai20_20_3.fsp,-36590.0,77,0.6
taillard_benchmark/tai20_20_3.fsp,-35459.0,78,0.6
taillard_benchmark/tai20_20_3.fsp,-35241.0,79,0.6
taillard_benchmark/tai20_20_4.fsp,-37213.0,80,0.6
taillard_benchmark/tai20_20_4.fsp,-37627.0,81,0.6
taillard_benchmark/tai20_20_4.fsp,-37736.0,82,0.6
taillard_benchmark/tai20_20_4.fsp,-37152.0,83,0.6
taillard_benchmark/tai20_20_4.fsp,-37517.0,84,0.6
taillard_benchmark/tai20_20_5.fsp,-35222.0,85,0.6
taillard_benchmark/tai20_20_5.fsp,-35704.0,86,0.6
taillard_benchmark/tai20_20_5.fsp,-35188.0,87,0.6
taillard_benchmark/tai20_20_5.fsp,-35919.0,88,0.6
taillard_benchmark/tai20_20_5.fsp,-35253.0,89,0.6
