file,best_result,seed,alpha
taillard_benchmark/tai20_5_0.fsp,-15634.0,0
taillard_benchmark/tai20_5_0.fsp,-15949.0,1
taillard_benchmark/tai20_5_0.fsp,-15916.0,2
taillard_benchmark/tai20_5_0.fsp,-15970.0,3
taillard_benchmark/tai20_5_0.fsp,-15467.0,4
taillard_benchmark/tai20_5_1.fsp,-16705.0,0
taillard_benchmark/tai20_5_1.fsp,-16911.0,1
taillard_benchmark/tai20_5_1.fsp,-16762.0,2
taillard_benchmark/tai20_5_1.fsp,-16880.0,3
taillard_benchmark/tai20_5_1.fsp,-16859.0,4
taillard_benchmark/tai20_5_2.fsp,-15066.0,0
taillard_benchmark/tai20_5_2.fsp,-15040.0,1
taillard_benchmark/tai20_5_2.fsp,-15196.0,2
taillard_benchmark/tai20_5_2.fsp,-15244.0,3
taillard_benchmark/tai20_5_2.fsp,-15400.0,4
taillard_benchmark/tai20_5_3.fsp,-17733.0,0
taillard_benchmark/tai20_5_3.fsp,-17521.0,1
taillard_benchmark/tai20_5_3.fsp,-17498.0,2
taillard_benchmark/tai20_5_3.fsp,-17690.0,3
taillard_benchmark/tai20_5_3.fsp,-17579.0,4
taillard_benchmark/tai20_5_4.fsp,-15585.0,0
taillard_benchmark/tai20_5_4.fsp,-15756.0,1
taillard_benchmark/tai20_5_4.fsp,-15377.0,2
taillard_benchmark/tai20_5_4.fsp,-15202.0,3
taillard_benchmark/tai20_5_4.fsp,-15581.0,4
taillard_benchmark/tai20_5_5.fsp,-15447.0,0
taillard_benchmark/tai20_5_5.fsp,-15807.0,1
taillard_benchmark/tai20_5_5.fsp,-15009.0,2
taillard_benchmark/tai20_5_5.fsp,-15943.0,3
taillard_benchmark/tai20_5_5.fsp,-15961.0,4
taillard_benchmark/tai20_10_0.fsp,-23415.0,0
taillard_benchmark/tai20_10_0.fsp,-23811.0,1
taillard_benchmark/tai20_10_0.fsp,-23824.0,2
taillard_benchmark/tai20_10_0.fsp,-24045.0,3
taillard_benchmark/tai20_10_0.fsp,-23630.0,4
taillard_benchmark/tai20_10_1.fsp,-25224.0,0
taillard_benchmark/tai20_10_1.fsp,-24854.0,1
taillard_benchmark/tai20_10_1.fsp,-24988.0,2
taillard_benchmark/tai20_10_1.fsp,-24879.0,3
taillard_benchmark/tai20_10_1.fsp,-25227.0,4
taillard_benchmark/tai20_10_2.fsp,-22432.0,0
taillard_benchmark/tai20_10_2.fsp,-22510.0,1
taillard_benchmark/tai20_10_2.fsp,-22410.0,2
taillard_benchmark/tai20_10_2.fsp,-22683.0,3
taillard_benchmark/tai20_10_2.fsp,-21995.0,4
taillard_benchmark/tai20_10_3.fsp,-20891.0,0
taillard_benchmark/tai20_10_3.fsp,-21259.0,1
taillard_benchmark/tai20_10_3.fsp,-21281.0,2
taillard_benchmark/tai20_10_3.fsp,-20913.0,3
taillard_benchmark/tai20_10_3.fsp,-21088.0,4
taillard_benchmark/tai20_10_4.fsp,-21463.0,0
taillard_benchmark/tai20_10_4.fsp,-21473.0,1
taillard_benchmark/tai20_10_4.fsp,-21484.0,2
taillard_benchmark/tai20_10_4.fsp,-21488.0,3
taillard_benchmark/tai20_10_4.fsp,-21378.0,4
taillard_benchmark/tai20_10_5.fsp,-21479.0,0
taillard_benchmark/tai20_10_5.fsp,-21467.0,1
taillard_benchmark/tai20_10_5.fsp,-21402.0,2
taillard_benchmark/tai20_10_5.fsp,-21056.0,3
taillard_benchmark/tai20_10_5.fsp,-21534.0,4
taillard_benchmark/tai20_20_0.fsp,-37102.0,0
taillard_benchmark/tai20_20_0.fsp,-36815.0,1
taillard_benchmark/tai20_20_0.fsp,-37184.0,2
taillard_benchmark/tai20_20_0.fsp,-37052.0,3
taillard_benchmark/tai20_20_0.fsp,-36053.0,4
taillard_benchmark/tai20_20_1.fsp,-34566.0,0
taillard_benchmark/tai20_20_1.fsp,-34368.0,1
taillard_benchmark/tai20_20_1.fsp,-34317.0,2
taillard_benchmark/tai20_20_1.fsp,-34217.0,3
taillard_benchmark/tai20_20_1.fsp,-34475.0,4
taillard_benchmark/tai20_20_2.fsp,-36429.0,0
taillard_benchmark/tai20_20_2.fsp,-37310.0,1
taillard_benchmark/tai20_20_2.fsp,-37148.0,2
taillard_benchmark/tai20_20_2.fsp,-37306.0,3
taillard_benchmark/tai20_20_2.fsp,-36479.0,4
taillard_benchmark/tai20_20_3.fsp,-35382.0,0
taillard_benchmark/tai20_20_3.fsp,-34392.0,1
taillard_benchmark/tai20_20_3.fsp,-35149.0,2
taillard_benchmark/tai20_20_3.fsp,-35448.0,3
taillard_benchmark/tai20_20_3.fsp,-35188.0,4
taillard_benchmark/tai20_20_4.fsp,-37287.0,0
taillard_benchmark/tai20_20_4.fsp,-37726.0,1
taillard_benchmark/tai20_20_4.fsp,-37653.0,2
taillard_benchmark/tai20_20_4.fsp,-37755.0,3
taillard_benchmark/tai20_20_4.fsp,-37489.0,4
taillard_benchmark/tai20_20_5.fsp,-35932.0,0
taillard_benchmark/tai20_20_5.fsp,-35569.0,1
taillard_benchmark/tai20_20_5.fsp,-35820.0,2
taillard_benchmark/tai20_20_5.fsp,-35677.0,3
taillard_benchmark/tai20_20_5.fsp,-35560.0,4
