file,best_result,seed,alpha
taillard_benchmark/tai20_10_0.fsp,-24118.0,0,0.3
taillard_benchmark/tai20_10_0.fsp,-24536.0,1,0.3
taillard_benchmark/tai20_10_0.fsp,-25067.0,2,0.3
taillard_benchmark/tai20_10_0.fsp,-24762.0,3,0.3
taillard_benchmark/tai20_10_0.fsp,-24462.0,4,0.3
taillard_benchmark/tai20_10_0.fsp,-23713.0,5,0.6
taillard_benchmark/tai20_10_0.fsp,-23841.0,6,0.6
taillard_benchmark/tai20_10_0.fsp,-24227.0,7,0.6
taillard_benchmark/tai20_10_0.fsp,-24604.0,8,0.6
taillard_benchmark/tai20_10_0.fsp,-23720.0,9,0.6
taillard_benchmark/tai20_10_0.fsp,-24010.0,10,0.8999999999999999
taillard_benchmark/tai20_10_0.fsp,-24556.0,11,0.8999999999999999
taillard_benchmark/tai20_10_0.fsp,-24889.0,12,0.8999999999999999
taillard_benchmark/tai20_10_0.fsp,-24001.0,13,0.8999999999999999
taillard_benchmark/tai20_10_0.fsp,-24080.0,14,0.8999999999999999
taillard_benchmark/tai20_10_0.fsp,-24293.0,15,1.2
taillard_benchmark/tai20_10_0.fsp,-24190.0,16,1.2
taillard_benchmark/tai20_10_0.fsp,-24748.0,17,1.2
taillard_benchmark/tai20_10_0.fsp,-23600.0,18,1.2
taillard_benchmark/tai20_10_0.fsp,-24679.0,19,1.2
taillard_benchmark/tai20_10_0.fsp,-24804.0,20,1.5
taillard_benchmark/tai20_10_0.fsp,-24406.0,21,1.5
taillard_benchmark/tai20_10_0.fsp,-23940.0,22,1.5
taillard_benchmark/tai20_10_0.fsp,-24582.0,23,1.5
taillard_benchmark/tai20_10_0.fsp,-25030.0,24,1.5
taillard_benchmark/tai20_10_0.fsp,-23945.0,25,1.8
taillard_benchmark/tai20_10_0.fsp,-24336.0,26,1.8
taillard_benchmark/tai20_10_0.fsp,-23773.0,27,1.8
taillard_benchmark/tai20_10_0.fsp,-24237.0,28,1.8
taillard_benchmark/tai20_10_0.fsp,-24695.0,29,1.8
taillard_benchmark/tai20_10_0.fsp,-24549.0,30,2.0999999999999996
taillard_benchmark/tai20_10_0.fsp,-24081.0,31,2.0999999999999996
taillard_benchmark/tai20_10_0.fsp,-24425.0,32,2.0999999999999996
taillard_benchmark/tai20_10_0.fsp,-23890.0,33,2.0999999999999996
taillard_benchmark/tai20_10_0.fsp,-24007.0,34,2.0999999999999996
taillard_benchmark/tai20_10_0.fsp,-24518.0,35,2.4
taillard_benchmark/tai20_10_0.fsp,-24685.0,36,2.4
taillard_benchmark/tai20_10_0.fsp,-24764.0,37,2.4
taillard_benchmark/tai20_10_0.fsp,-24607.0,38,2.4
taillard_benchmark/tai20_10_0.fsp,-24070.0,39,2.4
taillard_benchmark/tai20_10_0.fsp,-24368.0,40,2.6999999999999997
taillard_benchmark/tai20_10_0.fsp,-24493.0,41,2.6999999999999997
taillard_benchmark/tai20_10_0.fsp,-24687.0,42,2.6999999999999997
taillard_benchmark/tai20_10_0.fsp,-24591.0,43,2.6999999999999997
taillard_benchmark/tai20_10_0.fsp,-24541.0,44,2.6999999999999997
taillard_benchmark/tai20_10_0.fsp,-23795.0,45,2.9999999999999996
taillard_benchmark/tai20_10_0.fsp,-24124.0,46,2.9999999999999996
taillard_benchmark/tai20_10_0.fsp,-23895.0,47,2.9999999999999996
taillard_benchmark/tai20_10_0.fsp,-24537.0,48,2.9999999999999996
taillard_benchmark/tai20_10_0.fsp,-23408.0,49,2.9999999999999996
taillard_benchmark/tai20_10_0.fsp,-23928.0,50,3.3
taillard_benchmark/tai20_10_0.fsp,-24449.0,51,3.3
taillard_benchmark/tai20_10_0.fsp,-24574.0,52,3.3
taillard_benchmark/tai20_10_0.fsp,-24462.0,53,3.3
taillard_benchmark/tai20_10_0.fsp,-24682.0,54,3.3
taillard_benchmark/tai20_10_1.fsp,-25875.0,55,0.3
taillard_benchmark/tai20_10_1.fsp,-25281.0,56,0.3
taillard_benchmark/tai20_10_1.fsp,-26103.0,57,0.3
taillard_benchmark/tai20_10_1.fsp,-25657.0,58,0.3
taillard_benchmark/tai20_10_1.fsp,-25735.0,59,0.3
taillard_benchmark/tai20_10_1.fsp,-25578.0,60,0.6
taillard_benchmark/tai20_10_1.fsp,-24960.0,61,0.6
taillard_benchmark/tai20_10_1.fsp,-25673.0,62,0.6
taillard_benchmark/tai20_10_1.fsp,-25059.0,63,0.6
taillard_benchmark/tai20_10_1.fsp,-25047.0,64,0.6
taillard_benchmark/tai20_10_1.fsp,-25054.0,65,0.8999999999999999
taillard_benchmark/tai20_10_1.fsp,-25434.0,66,0.8999999999999999
taillard_benchmark/tai20_10_1.fsp,-25281.0,67,0.8999999999999999
taillard_benchmark/tai20_10_1.fsp,-25785.0,68,0.8999999999999999
taillard_benchmark/tai20_10_1.fsp,-25838.0,69,0.8999999999999999
taillard_benchmark/tai20_10_1.fsp,-25553.0,70,1.2
taillard_benchmark/tai20_10_1.fsp,-24710.0,71,1.2
taillard_benchmark/tai20_10_1.fsp,-25444.0,72,1.2
taillard_benchmark/tai20_10_1.fsp,-25283.0,73,1.2
taillard_benchmark/tai20_10_1.fsp,-24728.0,74,1.2
taillard_benchmark/tai20_10_1.fsp,-25767.0,75,1.5
taillard_benchmark/tai20_10_1.fsp,-25986.0,76,1.5
taillard_benchmark/tai20_10_1.fsp,-26074.0,77,1.5
taillard_benchmark/tai20_10_1.fsp,-25909.0,78,1.5
taillard_benchmark/tai20_10_1.fsp,-25788.0,79,1.5
taillard_benchmark/tai20_10_1.fsp,-25231.0,80,1.8
taillard_benchmark/tai20_10_1.fsp,-25009.0,81,1.8
taillard_benchmark/tai20_10_1.fsp,-25630.0,82,1.8
taillard_benchmark/tai20_10_1.fsp,-25875.0,83,1.8
taillard_benchmark/tai20_10_1.fsp,-25286.0,84,1.8
taillard_benchmark/tai20_10_1.fsp,-25663.0,85,2.0999999999999996
taillard_benchmark/tai20_10_1.fsp,-25557.0,86,2.0999999999999996
taillard_benchmark/tai20_10_1.fsp,-25045.0,87,2.0999999999999996
taillard_benchmark/tai20_10_1.fsp,-25747.0,88,2.0999999999999996
taillard_benchmark/tai20_10_1.fsp,-25130.0,89,2.0999999999999996
taillard_benchmark/tai20_10_1.fsp,-25447.0,90,2.4
taillard_benchmark/tai20_10_1.fsp,-25262.0,91,2.4
taillard_benchmark/tai20_10_1.fsp,-25068.0,92,2.4
taillard_benchmark/tai20_10_1.fsp,-25370.0,93,2.4
taillard_benchmark/tai20_10_1.fsp,-25346.0,94,2.4
taillard_benchmark/tai20_10_1.fsp,-25179.0,95,2.6999999999999997
taillard_benchmark/tai20_10_1.fsp,-25739.0,96,2.6999999999999997
taillard_benchmark/tai20_10_1.fsp,-25046.0,97,2.6999999999999997
taillard_benchmark/tai20_10_1.fsp,-26030.0,98,2.6999999999999997
taillard_benchmark/tai20_10_1.fsp,-26012.0,99,2.6999999999999997
taillard_benchmark/tai20_10_1.fsp,-26041.0,100,2.9999999999999996
taillard_benchmark/tai20_10_1.fsp,-25609.0,101,2.9999999999999996
taillard_benchmark/tai20_10_1.fsp,-25660.0,102,2.9999999999999996
taillard_benchmark/tai20_10_1.fsp,-25705.0,103,2.9999999999999996
taillard_benchmark/tai20_10_1.fsp,-25863.0,104,2.9999999999999996
taillard_benchmark/tai20_10_1.fsp,-26002.0,105,3.3
taillard_benchmark/tai20_10_1.fsp,-25021.0,106,3.3
taillard_benchmark/tai20_10_1.fsp,-25227.0,107,3.3
taillard_benchmark/tai20_10_1.fsp,-25786.0,108,3.3
taillard_benchmark/tai20_10_1.fsp,-25593.0,109,3.3
taillard_benchmark/tai20_10_2.fsp,-22322.0,110,0.3
taillard_benchmark/tai20_10_2.fsp,-22552.0,111,0.3
taillard_benchmark/tai20_10_2.fsp,-23706.0,112,0.3
taillard_benchmark/tai20_10_2.fsp,-23697.0,113,0.3
taillard_benchmark/tai20_10_2.fsp,-23061.0,114,0.3
taillard_benchmark/tai20_10_2.fsp,-22584.0,115,0.6
taillard_benchmark/tai20_10_2.fsp,-23203.0,116,0.6
taillard_benchmark/tai20_10_2.fsp,-23181.0,117,0.6
taillard_benchmark/tai20_10_2.fsp,-22463.0,118,0.6
taillard_benchmark/tai20_10_2.fsp,-22179.0,119,0.6
taillard_benchmark/tai20_10_2.fsp,-22991.0,120,0.8999999999999999
taillard_benchmark/tai20_10_2.fsp,-23192.0,121,0.8999999999999999
taillard_benchmark/tai20_10_2.fsp,-22251.0,122,0.8999999999999999
taillard_benchmark/tai20_10_2.fsp,-23105.0,123,0.8999999999999999
taillard_benchmark/tai20_10_2.fsp,-23335.0,124,0.8999999999999999
taillard_benchmark/tai20_10_2.fsp,-23157.0,125,1.2
taillard_benchmark/tai20_10_2.fsp,-22954.0,126,1.2
taillard_benchmark/tai20_10_2.fsp,-23128.0,127,1.2
taillard_benchmark/tai20_10_2.fsp,-22808.0,128,1.2
taillard_benchmark/tai20_10_2.fsp,-23195.0,129,1.2
taillard_benchmark/tai20_10_2.fsp,-23610.0,130,1.5
taillard_benchmark/tai20_10_2.fsp,-23263.0,131,1.5
taillard_benchmark/tai20_10_2.fsp,-23167.0,132,1.5
taillard_benchmark/tai20_10_2.fsp,-23623.0,133,1.5
taillard_benchmark/tai20_10_2.fsp,-23160.0,134,1.5
taillard_benchmark/tai20_10_2.fsp,-23465.0,135,1.8
taillard_benchmark/tai20_10_2.fsp,-22856.0,136,1.8
taillard_benchmark/tai20_10_2.fsp,-23071.0,137,1.8
taillard_benchmark/tai20_10_2.fsp,-23788.0,138,1.8
taillard_benchmark/tai20_10_2.fsp,-22566.0,139,1.8
taillard_benchmark/tai20_10_2.fsp,-23263.0,140,2.0999999999999996
taillard_benchmark/tai20_10_2.fsp,-22895.0,141,2.0999999999999996
taillard_benchmark/tai20_10_2.fsp,-23412.0,142,2.0999999999999996
taillard_benchmark/tai20_10_2.fsp,-23721.0,143,2.0999999999999996
taillard_benchmark/tai20_10_2.fsp,-22395.0,144,2.0999999999999996
taillard_benchmark/tai20_10_2.fsp,-21463.0,145,2.4
taillard_benchmark/tai20_10_2.fsp,-23351.0,146,2.4
taillard_benchmark/tai20_10_2.fsp,-22905.0,147,2.4
taillard_benchmark/tai20_10_2.fsp,-23717.0,148,2.4
taillard_benchmark/tai20_10_2.fsp,-23002.0,149,2.4
taillard_benchmark/tai20_10_2.fsp,-23618.0,150,2.6999999999999997
taillard_benchmark/tai20_10_2.fsp,-22215.0,151,2.6999999999999997
taillard_benchmark/tai20_10_2.fsp,-23359.0,152,2.6999999999999997
taillard_benchmark/tai20_10_2.fsp,-23108.0,153,2.6999999999999997
taillard_benchmark/tai20_10_2.fsp,-23564.0,154,2.6999999999999997
taillard_benchmark/tai20_10_2.fsp,-22993.0,155,2.9999999999999996
taillard_benchmark/tai20_10_2.fsp,-23028.0,156,2.9999999999999996
taillard_benchmark/tai20_10_2.fsp,-23439.0,157,2.9999999999999996
taillard_benchmark/tai20_10_2.fsp,-23596.0,158,2.9999999999999996
taillard_benchmark/tai20_10_2.fsp,-23529.0,159,2.9999999999999996
taillard_benchmark/tai20_10_2.fsp,-23876.0,160,3.3
taillard_benchmark/tai20_10_2.fsp,-22852.0,161,3.3
taillard_benchmark/tai20_10_2.fsp,-22152.0,162,3.3
taillard_benchmark/tai20_10_2.fsp,-22536.0,163,3.3
taillard_benchmark/tai20_10_2.fsp,-23120.0,164,3.3
