file,best_result,rep,seed
taillard_benchmark/tai20_5_0.fsp,-15377.0,0,0
taillard_benchmark/tai20_5_0.fsp,-15117.0,1,1
taillard_benchmark/tai20_5_0.fsp,-15158.0,2,2
taillard_benchmark/tai20_5_0.fsp,-15279.0,3,3
taillard_benchmark/tai20_5_0.fsp,-15243.0,4,4
taillard_benchmark/tai20_5_0.fsp,-15103.0,5,5
taillard_benchmark/tai20_5_0.fsp,-15632.0,6,6
taillard_benchmark/tai20_5_0.fsp,-15459.0,7,7
taillard_benchmark/tai20_5_0.fsp,-15411.0,8,8
taillard_benchmark/tai20_5_0.fsp,-15053.0,9,9
taillard_benchmark/tai20_5_1.fsp,-16784.0,0,10
taillard_benchmark/tai20_5_1.fsp,-16611.0,1,11
taillard_benchmark/tai20_5_1.fsp,-17188.0,2,12
taillard_benchmark/tai20_5_1.fsp,-16983.0,3,13
taillard_benchmark/tai20_5_1.fsp,-16638.0,4,14
taillard_benchmark/tai20_5_1.fsp,-16883.0,5,15
taillard_benchmark/tai20_5_1.fsp,-16542.0,6,16
taillard_benchmark/tai20_5_1.fsp,-16565.0,7,17
taillard_benchmark/tai20_5_1.fsp,-16739.0,8,18
taillard_benchmark/tai20_5_1.fsp,-16935.0,9,19
taillard_benchmark/tai20_5_2.fsp,-15146.0,0,20
taillard_benchmark/tai20_5_2.fsp,-15306.0,1,21
taillard_benchmark/tai20_5_2.fsp,-14563.0,2,22
taillard_benchmark/tai20_5_2.fsp,-14608.0,3,23
taillard_benchmark/tai20_5_2.fsp,-15034.0,4,24
taillard_benchmark/tai20_5_2.fsp,-14670.0,5,25
taillard_benchmark/tai20_5_2.fsp,-15258.0,6,26
taillard_benchmark/tai20_5_2.fsp,-14691.0,7,27
taillard_benchmark/tai20_5_2.fsp,-15101.0,8,28
taillard_benchmark/tai20_5_2.fsp,-14759.0,9,29
taillard_benchmark/tai20_5_3.fsp,-18004.0,0,30
taillard_benchmark/tai20_5_3.fsp,-18054.0,1,31
taillard_benchmark/tai20_5_3.fsp,-17744.0,2,32
taillard_benchmark/tai20_5_3.fsp,-17371.0,3,33
taillard_benchmark/tai20_5_3.fsp,-17841.0,4,34
taillard_benchmark/tai20_5_3.fsp,-17784.0,5,35
taillard_benchmark/tai20_5_3.fsp,-18294.0,6,36
taillard_benchmark/tai20_5_3.fsp,-17037.0,7,37
taillard_benchmark/tai20_5_3.fsp,-16945.0,8,38
taillard_benchmark/tai20_5_3.fsp,-18024.0,9,39
taillard_benchmark/tai20_5_4.fsp,-15637.0,0,40
taillard_benchmark/tai20_5_4.fsp,-15452.0,1,41
taillard_benchmark/tai20_5_4.fsp,-15667.0,2,42
taillard_benchmark/tai20_5_4.fsp,-15492.0,3,43
taillard_benchmark/tai20_5_4.fsp,-15536.0,4,44
taillard_benchmark/tai20_5_4.fsp,-15114.0,5,45
taillard_benchmark/tai20_5_4.fsp,-15546.0,6,46
taillard_benchmark/tai20_5_4.fsp,-15589.0,7,47
taillard_benchmark/tai20_5_4.fsp,-15575.0,8,48
taillard_benchmark/tai20_5_4.fsp,-15791.0,9,49
taillard_benchmark/tai20_5_5.fsp,-15605.0,0,50
taillard_benchmark/tai20_5_5.fsp,-15090.0,1,51
taillard_benchmark/tai20_5_5.fsp,-15993.0,2,52
taillard_benchmark/tai20_5_5.fsp,-15821.0,3,53
taillard_benchmark/tai20_5_5.fsp,-15945.0,4,54
taillard_benchmark/tai20_5_5.fsp,-15035.0,5,55
taillard_benchmark/tai20_5_5.fsp,-15612.0,6,56
taillard_benchmark/tai20_5_5.fsp,-15382.0,7,57
taillard_benchmark/tai20_5_5.fsp,-15208.0,8,58
taillard_benchmark/tai20_5_5.fsp,-16206.0,9,59
taillard_benchmark/tai20_5_6.fsp,-15648.0,0,60
taillard_benchmark/tai20_5_6.fsp,-15689.0,1,61
taillard_benchmark/tai20_5_6.fsp,-14861.0,2,62
taillard_benchmark/tai20_5_6.fsp,-15476.0,3,63
taillard_benchmark/tai20_5_6.fsp,-15231.0,4,64
taillard_benchmark/tai20_5_6.fsp,-14907.0,5,65
taillard_benchmark/tai20_5_6.fsp,-15776.0,6,66
taillard_benchmark/tai20_5_6.fsp,-15169.0,7,67
taillard_benchmark/tai20_5_6.fsp,-15574.0,8,68
taillard_benchmark/tai20_5_6.fsp,-15294.0,9,69
taillard_benchmark/tai20_5_7.fsp,-15728.0,0,70
taillard_benchmark/tai20_5_7.fsp,-15728.0,1,71
taillard_benchmark/tai20_5_7.fsp,-15834.0,2,72
taillard_benchmark/tai20_5_7.fsp,-16122.0,3,73
taillard_benchmark/tai20_5_7.fsp,-15953.0,4,74
taillard_benchmark/tai20_5_7.fsp,-15921.0,5,75
taillard_benchmark/tai20_5_7.fsp,-15848.0,6,76
taillard_benchmark/tai20_5_7.fsp,-15832.0,7,77
taillard_benchmark/tai20_5_7.fsp,-15732.0,8,78
taillard_benchmark/tai20_5_7.fsp,-15950.0,9,79
taillard_benchmark/tai20_5_8.fsp,-16259.0,0,80
taillard_benchmark/tai20_5_8.fsp,-16591.0,1,81
taillard_benchmark/tai20_5_8.fsp,-16187.0,2,82
taillard_benchmark/tai20_5_8.fsp,-16226.0,3,83
taillard_benchmark/tai20_5_8.fsp,-16401.0,4,84
taillard_benchmark/tai20_5_8.fsp,-16120.0,5,85
taillard_benchmark/tai20_5_8.fsp,-16183.0,6,86
taillard_benchmark/tai20_5_8.fsp,-16324.0,7,87
taillard_benchmark/tai20_5_8.fsp,-16304.0,8,88
taillard_benchmark/tai20_5_8.fsp,-16360.0,9,89
taillard_benchmark/tai20_5_9.fsp,-14735.0,0,90
taillard_benchmark/tai20_5_9.fsp,-15387.0,1,91
taillard_benchmark/tai20_5_9.fsp,-14751.0,2,92
taillard_benchmark/tai20_5_9.fsp,-14564.0,3,93
taillard_benchmark/tai20_5_9.fsp,-15474.0,4,94
taillard_benchmark/tai20_5_9.fsp,-14448.0,5,95
taillard_benchmark/tai20_5_9.fsp,-15134.0,6,96
taillard_benchmark/tai20_5_9.fsp,-15479.0,7,97
taillard_benchmark/tai20_5_9.fsp,-15272.0,8,98
taillard_benchmark/tai20_5_9.fsp,-15099.0,9,99
