file,best_result,seed,alpha
taillard_benchmark/tai20_5_0.fsp,-16426.0,0,0.6
taillard_benchmark/tai20_5_0.fsp,-16705.0,1,0.6
taillard_benchmark/tai20_5_0.fsp,-16026.0,2,0.6
taillard_benchmark/tai20_5_0.fsp,-16165.0,3,0.6
taillard_benchmark/tai20_5_0.fsp,-16718.0,4,0.6
taillard_benchmark/tai20_5_1.fsp,-17279.0,5,0.6
taillard_benchmark/tai20_5_1.fsp,-17713.0,6,0.6
taillard_benchmark/tai20_5_1.fsp,-17036.0,7,0.6
taillard_benchmark/tai20_5_1.fsp,-17564.0,8,0.6
taillard_benchmark/tai20_5_1.fsp,-17982.0,9,0.6
taillard_benchmark/tai20_5_2.fsp,-15411.0,10,0.6
taillard_benchmark/tai20_5_2.fsp,-15350.0,11,0.6
taillard_benchmark/tai20_5_2.fsp,-15983.0,12,0.6
taillard_benchmark/tai20_5_2.fsp,-15922.0,13,0.6
taillard_benchmark/tai20_5_2.fsp,-15827.0,14,0.6
taillard_benchmark/tai20_5_3.fsp,-18421.0,15,0.6
taillard_benchmark/tai20_5_3.fsp,-17940.0,16,0.6
taillard_benchmark/tai20_5_3.fsp,-17536.0,17,0.6
taillard_benchmark/tai20_5_3.fsp,-18681.0,18,0.6
taillard_benchmark/tai20_5_3.fsp,-17534.0,19,0.6
taillard_benchmark/tai20_5_4.fsp,-16138.0,20,0.6
taillard_benchmark/tai20_5_4.fsp,-15861.0,21,0.6
taillard_benchmark/tai20_5_4.fsp,-15834.0,22,0.6
taillard_benchmark/tai20_5_4.fsp,-16505.0,23,0.6
taillard_benchmark/tai20_5_4.fsp,-15923.0,24,0.6
taillard_benchmark/tai20_5_5.fsp,-16786.0,25,0.6
taillard_benchmark/tai20_5_5.fsp,-16564.0,26,0.6
taillard_benchmark/tai20_5_5.fsp,-15509.0,27,0.6
taillard_benchmark/tai20_5_5.fsp,-15634.0,28,0.6
taillard_benchmark/tai20_5_5.fsp,-15954.0,29,0.6
taillard_benchmark/tai20_10_0.fsp,-24549.0,30,0.6
taillard_benchmark/tai20_10_0.fsp,-24081.0,31,0.6
taillard_benchmark/tai20_10_0.fsp,-24425.0,32,0.6
taillard_benchmark/tai20_10_0.fsp,-23890.0,33,0.6
taillard_benchmark/tai20_10_0.fsp,-24007.0,34,0.6
taillard_benchmark/tai20_10_1.fsp,-25661.0,35,0.6
taillard_benchmark/tai20_10_1.fsp,-25949.0,36,0.6
taillard_benchmark/tai20_10_1.fsp,-25242.0,37,0.6
taillard_benchmark/tai20_10_1.fsp,-25468.0,38,0.6
taillard_benchmark/tai20_10_1.fsp,-25369.0,39,0.6
taillard_benchmark/tai20_10_2.fsp,-23540.0,40,0.6
taillard_benchmark/tai20_10_2.fsp,-23094.0,41,0.6
taillard_benchmark/tai20_10_2.fsp,-23415.0,42,0.6
taillard_benchmark/tai20_10_2.fsp,-22380.0,43,0.6
taillard_benchmark/tai20_10_2.fsp,-23163.0,44,0.6
taillard_benchmark/tai20_10_3.fsp,-21753.0,45,0.6
taillard_benchmark/tai20_10_3.fsp,-21861.0,46,0.6
taillard_benchmark/tai20_10_3.fsp,-22147.0,47,0.6
taillard_benchmark/tai20_10_3.fsp,-21829.0,48,0.6
taillard_benchmark/tai20_10_3.fsp,-21776.0,49,0.6
taillard_benchmark/tai20_10_4.fsp,-21867.0,50,0.6
taillard_benchmark/tai20_10_4.fsp,-21750.0,51,0.6
taillard_benchmark/tai20_10_4.fsp,-22562.0,52,0.6
taillard_benchmark/tai20_10_4.fsp,-22769.0,53,0.6
taillard_benchmark/tai20_10_4.fsp,-21295.0,54,0.6
taillard_benchmark/tai20_10_5.fsp,-22509.0,55,0.6
taillard_benchmark/tai20_10_5.fsp,-22053.0,56,0.6
taillard_benchmark/tai20_10_5.fsp,-21990.0,57,0.6
taillard_benchmark/tai20_10_5.fsp,-22417.0,58,0.6
taillard_benchmark/tai20_10_5.fsp,-21392.0,59,0.6
taillard_benchmark/tai20_20_0.fsp,-36662.0,60,0.6
taillard_benchmark/tai20_20_0.fsp,-37570.0,61,0.6
taillard_benchmark/tai20_20_0.fsp,-37257.0,62,0.6
taillard_benchmark/tai20_20_0.fsp,-37698.0,63,0.6
taillard_benchmark/tai20_20_0.fsp,-37481.0,64,0.6
taillard_benchmark/tai20_20_1.fsp,-35304.0,65,0.6
taillard_benchmark/tai20_20_1.fsp,-35159.0,66,0.6
taillard_benchmark/tai20_20_1.fsp,-35443.0,67,0.6
taillard_benchmark/tai20_20_1.fsp,-35107.0,68,0.6
taillard_benchmark/tai20_20_1.fsp,-35637.0,69,0.6
taillard_benchmark/tai20_20_2.fsp,-36297.0,70,0.6
taillard_benchmark/tai20_20_2.fsp,-37755.0,71,0.6
taillard_benchmark/tai20_20_2.fsp,-37743.0,72,0.6
taillard_benchmark/tai20_20_2.fsp,-37406.0,73,0.6
taillard_benchmark/tai20_20_2.fsp,-38526.0,74,0.6
taillard_benchmark/tai20_20_3.fsp,-36183.0,75,0.6
taillard_benchmark/tai20_20_3.fsp,-36386.0,76,0.6
taillard_benchmark/tai20_20_3.fsp,-35965.0,77,0.6
taillard_benchmark/tai20_20_3.fsp,-35568.0,78,0.6
taillard_benchmark/tai20_20_3.fsp,-34382.0,79,0.6
taillard_benchmark/tai20_20_4.fsp,-37828.0,80,0.6
taillard_benchmark/tai20_20_4.fsp,-37921.0,81,0.6
taillard_benchmark/tai20_20_4.fsp,-38316.0,82,0.6
taillard_benchmark/tai20_20_4.fsp,-38263.0,83,0.6
taillard_benchmark/tai20_20_4.fsp,-38464.0,84,0.6
taillard_benchmark/tai20_20_5.fsp,-36517.0,85,0.6
taillard_benchmark/tai20_20_5.fsp,-35827.0,86,0.6
taillard_benchmark/tai20_20_5.fsp,-36653.0,87,0.6
taillard_benchmark/tai20_20_5.fsp,-36641.0,88,0.6
taillard_benchmark/tai20_20_5.fsp,-35568.0,89,0.6
