file,best_result,rep,seed
taillard_benchmark/tai20_20_0.fsp,-36018.0,0,0
taillard_benchmark/tai20_20_0.fsp,-35920.0,1,1
taillard_benchmark/tai20_20_0.fsp,-36014.0,2,2
taillard_benchmark/tai20_20_0.fsp,-36263.0,3,3
taillard_benchmark/tai20_20_0.fsp,-36329.0,4,4
taillard_benchmark/tai20_20_0.fsp,-36205.0,5,5
taillard_benchmark/tai20_20_0.fsp,-36088.0,6,6
taillard_benchmark/tai20_20_0.fsp,-36123.0,7,7
taillard_benchmark/tai20_20_0.fsp,-35523.0,8,8
taillard_benchmark/tai20_20_0.fsp,-35523.0,9,9
taillard_benchmark/tai20_20_1.fsp,-33959.0,0,10
taillard_benchmark/tai20_20_1.fsp,-34333.0,1,11
taillard_benchmark/tai20_20_1.fsp,-34271.0,2,12
taillard_benchmark/tai20_20_1.fsp,-34634.0,3,13
taillard_benchmark/tai20_20_1.fsp,-34280.0,4,14
taillard_benchmark/tai20_20_1.fsp,-33987.0,5,15
taillard_benchmark/tai20_20_1.fsp,-33580.0,6,16
taillard_benchmark/tai20_20_1.fsp,-34307.0,7,17
taillard_benchmark/tai20_20_1.fsp,-34584.0,8,18
taillard_benchmark/tai20_20_1.fsp,-34394.0,9,19
taillard_benchmark/tai20_20_2.fsp,-36526.0,0,20
taillard_benchmark/tai20_20_2.fsp,-36480.0,1,21
taillard_benchmark/tai20_20_2.fsp,-36744.0,2,22
taillard_benchmark/tai20_20_2.fsp,-36615.0,3,23
taillard_benchmark/tai20_20_2.fsp,-36443.0,4,24
taillard_benchmark/tai20_20_2.fsp,-36667.0,5,25
taillard_benchmark/tai20_20_2.fsp,-36557.0,6,26
taillard_benchmark/tai20_20_2.fsp,-36290.0,7,27
taillard_benchmark/tai20_20_2.fsp,-36597.0,8,28
taillard_benchmark/tai20_20_2.fsp,-36621.0,9,29
taillard_benchmark/tai20_20_3.fsp,-35139.0,0,30
taillard_benchmark/tai20_20_3.fsp,-34460.0,1,31
taillard_benchmark/tai20_20_3.fsp,-34555.0,2,32
taillard_benchmark/tai20_20_3.fsp,-35631.0,3,33
taillard_benchmark/tai20_20_3.fsp,-35670.0,4,34
taillard_benchmark/tai20_20_3.fsp,-35751.0,5,35
taillard_benchmark/tai20_20_3.fsp,-35378.0,6,36
taillard_benchmark/tai20_20_3.fsp,-35662.0,7,37
taillard_benchmark/tai20_20_3.fsp,-35550.0,8,38
taillard_benchmark/tai20_20_3.fsp,-35679.0,9,39
taillard_benchmark/tai20_20_4.fsp,-36673.0,0,40
taillard_benchmark/tai20_20_4.fsp,-36848.0,1,41
taillard_benchmark/tai20_20_4.fsp,-36914.0,2,42
taillard_benchmark/tai20_20_4.fsp,-36996.0,3,43
taillard_benchmark/tai20_20_4.fsp,-36785.0,4,44
taillard_benchmark/tai20_20_4.fsp,-37048.0,5,45
taillard_benchmark/tai20_20_4.fsp,-36581.0,6,46
taillard_benchmark/tai20_20_4.fsp,-37150.0,7,47
taillard_benchmark/tai20_20_4.fsp,-37096.0,8,48
taillard_benchmark/tai20_20_4.fsp,-36896.0,9,49
taillard_benchmark/tai20_20_5.fsp,-35407.0,0,50
taillard_benchmark/tai20_20_5.fsp,-34990.0,1,51
taillard_benchmark/tai20_20_5.fsp,-34990.0,2,52
taillard_benchmark/tai20_20_5.fsp,-35323.0,3,53
taillard_benchmark/tai20_20_5.fsp,-35307.0,4,54
taillard_benchmark/tai20_20_5.fsp,-35225.0,5,55
taillard_benchmark/tai20_20_5.fsp,-35450.0,6,56
taillard_benchmark/tai20_20_5.fsp,-35008.0,7,57
taillard_benchmark/tai20_20_5.fsp,-35474.0,8,58
taillard_benchmark/tai20_20_5.fsp,-35422.0,9,59
taillard_benchmark/tai20_20_6.fsp,-34707.0,0,60
taillard_benchmark/tai20_20_6.fsp,-34766.0,1,61
taillard_benchmark/tai20_20_6.fsp,-34820.0,2,62
taillard_benchmark/tai20_20_6.fsp,-34935.0,3,63
taillard_benchmark/tai20_20_6.fsp,-35088.0,4,64
taillard_benchmark/tai20_20_6.fsp,-35065.0,5,65
taillard_benchmark/tai20_20_6.fsp,-34693.0,6,66
taillard_benchmark/tai20_20_6.fsp,-34593.0,7,67
taillard_benchmark/tai20_20_6.fsp,-34801.0,8,68
taillard_benchmark/tai20_20_6.fsp,-34765.0,9,69
taillard_benchmark/tai20_20_7.fsp,-35036.0,0,70
taillard_benchmark/tai20_20_7.fsp,-34802.0,1,71
taillard_benchmark/tai20_20_7.fsp,-35172.0,2,72
taillard_benchmark/tai20_20_7.fsp,-34978.0,3,73
taillard_benchmark/tai20_20_7.fsp,-35463.0,4,74
taillard_benchmark/tai20_20_7.fsp,-35112.0,5,75
taillard_benchmark/tai20_20_7.fsp,-34984.0,6,76
taillard_benchmark/tai20_20_7.fsp,-35347.0,7,77
taillard_benchmark/tai20_20_7.fsp,-35117.0,8,78
taillard_benchmark/tai20_20_7.fsp,-34050.0,9,79
taillard_benchmark/tai20_20_8.fsp,-35708.0,0,80
taillard_benchmark/tai20_20_8.fsp,-35991.0,1,81
taillard_benchmark/tai20_20_8.fsp,-35596.0,2,82
taillard_benchmark/tai20_20_8.fsp,-35771.0,3,83
taillard_benchmark/tai20_20_8.fsp,-35644.0,4,84
taillard_benchmark/tai20_20_8.fsp,-35837.0,5,85
taillard_benchmark/tai20_20_8.fsp,-35801.0,6,86
taillard_benchmark/tai20_20_8.fsp,-35903.0,7,87
taillard_benchmark/tai20_20_8.fsp,-35867.0,8,88
taillard_benchmark/tai20_20_8.fsp,-35424.0,9,89
taillard_benchmark/tai20_20_9.fsp,-35249.0,0,90
taillard_benchmark/tai20_20_9.fsp,-35077.0,1,91
taillard_benchmark/tai20_20_9.fsp,-35167.0,2,92
taillard_benchmark/tai20_20_9.fsp,-34645.0,3,93
taillard_benchmark/tai20_20_9.fsp,-34803.0,4,94
taillard_benchmark/tai20_20_9.fsp,-34913.0,5,95
taillard_benchmark/tai20_20_9.fsp,-35226.0,6,96
taillard_benchmark/tai20_20_9.fsp,-36357.0,7,97
taillard_benchmark/tai20_20_9.fsp,-34955.0,8,98
taillard_benchmark/tai20_20_9.fsp,-34920.0,9,99
